{"cameraMode":{"drawMode":0,"name":"Shaded","section":"Shading Mode"},"sceneLighting":false,"audioPlay":false,"sceneViewState":{"showFog":true,"showMaterialUpdate":true,"showSkybox":false,"showFlares":true,"showImageEffects":true,"showParticleSystems":true},"in2DMode":false,"pivot":{"x":1050.762939453125,"y":727.8326416015625,"z":-43.01958465576172},"rotation":{"x":0.0057260119356215,"y":0.003285723738372326,"z":-0.0004990554298274219,"w":-1.0001730918884278},"size":70.71067810058594,"orthographic":false}