{"cameraMode":{"drawMode":0,"name":"Shaded","section":"Shading Mode"},"sceneLighting":false,"audioPlay":false,"sceneViewState":{"showFog":true,"showMaterialUpdate":true,"showSkybox":false,"showFlares":true,"showImageEffects":true,"showParticleSystems":true},"in2DMode":false,"pivot":{"x":2.865124225616455,"y":1.384466528892517,"z":-0.8119900822639465},"rotation":{"x":-0.06067805364727974,"y":-0.7458410859107971,"z":0.06868594139814377,"w":-0.6598517894744873},"size":6.05437707901001,"orthographic":false}