{"cameraMode":{"drawMode":0,"name":"Shaded","section":"Shading Mode"},"sceneLighting":false,"audioPlay":false,"sceneViewState":{"showFog":true,"showMaterialUpdate":true,"showSkybox":false,"showFlares":true,"showImageEffects":true,"showParticleSystems":true},"in2DMode":false,"pivot":{"x":15.43841552734375,"y":-9.306644439697266,"z":24.69283103942871},"rotation":{"x":0.26179414987564089,"y":0.06595586240291596,"z":-0.024730710312724115,"w":0.9634522795677185},"size":13.248106956481934,"orthographic":false}