{"cameraMode":{"drawMode":0,"name":"Shaded","section":"Shading Mode"},"sceneLighting":false,"audioPlay":false,"sceneViewState":{"showFog":true,"showMaterialUpdate":true,"showSkybox":false,"showFlares":true,"showImageEffects":true,"showParticleSystems":true},"in2DMode":false,"pivot":{"x":-0.23459529876708985,"y":1.0802992582321168,"z":0.2809867858886719},"rotation":{"x":0.12983612716197968,"y":0.662696897983551,"z":-0.12168267369270325,"w":0.7282435894012451},"size":5.4230637550354,"orthographic":false}