{"cameraMode":{"drawMode":0,"name":"Shaded","section":"Shading Mode"},"sceneLighting":false,"audioPlay":false,"sceneViewState":{"showFog":true,"showMaterialUpdate":true,"showSkybox":false,"showFlares":true,"showImageEffects":true,"showParticleSystems":true},"in2DMode":false,"pivot":{"x":-0.008704662322998047,"y":3.5141143798828127,"z":-0.011813163757324219},"rotation":{"x":-0.09629599750041962,"y":0.9179317951202393,"z":-0.3058493733406067,"w":-0.23763000965118409},"size":5.44570255279541,"orthographic":false}