{"cameraMode":{"drawMode":0,"name":"Shaded","section":"Shading Mode"},"sceneLighting":false,"audioPlay":false,"sceneViewState":{"showFog":true,"showMaterialUpdate":true,"showSkybox":false,"showFlares":true,"showImageEffects":true,"showParticleSystems":true},"in2DMode":false,"pivot":{"x":-0.42306947708129885,"y":0.09971075505018234,"z":0.8804463744163513},"rotation":{"x":-0.15450997650623322,"y":-0.8446725606918335,"z":0.33861956000328066,"w":-0.38538944721221926},"size":1.892850399017334,"orthographic":false}