{"cameraMode":{"drawMode":0,"name":"Shaded","section":"Shading Mode"},"sceneLighting":false,"audioPlay":false,"sceneViewState":{"showFog":true,"showMaterialUpdate":true,"showSkybox":false,"showFlares":true,"showImageEffects":true,"showParticleSystems":true},"in2DMode":false,"pivot":{"x":-1.9255242347717286,"y":-5.4538493156433109,"z":-20.420684814453126},"rotation":{"x":-0.021924853324890138,"y":0.9864552617073059,"z":-0.16389663517475129,"w":-0.03805980086326599},"size":18.244468688964845,"orthographic":false}