{"cameraMode":{"drawMode":0,"name":"Shaded","section":"Shading Mode"},"sceneLighting":false,"audioPlay":false,"sceneViewState":{"showFog":true,"showMaterialUpdate":true,"showSkybox":false,"showFlares":true,"showImageEffects":true,"showParticleSystems":true},"in2DMode":false,"pivot":{"x":-4.27141809463501,"y":-2.862595319747925,"z":-13.241471290588379},"rotation":{"x":-0.03487974777817726,"y":0.9816431403160095,"z":-0.13741955161094666,"w":-0.1347423940896988},"size":11.446013450622559,"orthographic":false}