{"cameraMode":{"drawMode":0,"name":"Shaded","section":"Shading Mode"},"sceneLighting":false,"audioPlay":false,"sceneViewState":{"showFog":true,"showMaterialUpdate":true,"showSkybox":false,"showFlares":true,"showImageEffects":true,"showParticleSystems":true},"in2DMode":false,"pivot":{"x":-1.5904330015182496,"y":0.8455869555473328,"z":0.5209153294563294},"rotation":{"x":-0.18758633732795716,"y":-0.7306125164031982,"z":0.221322700381279,"w":-0.6185197234153748},"size":1.892850399017334,"orthographic":false}