{"cameraMode":{"drawMode":0,"name":"Shaded","section":"Shading Mode"},"sceneLighting":false,"audioPlay":false,"sceneViewState":{"showFog":true,"showMaterialUpdate":true,"showSkybox":false,"showFlares":true,"showImageEffects":true,"showParticleSystems":true},"in2DMode":false,"pivot":{"x":0.22114944458007813,"y":1.7683227062225342,"z":-0.05732989311218262},"rotation":{"x":0.01659270189702511,"y":-0.8402164578437805,"z":-0.024685200303792955,"w":-0.5423604846000671},"size":2.4073948860168459,"orthographic":false}