{"cameraMode":{"drawMode":0,"name":"Shaded","section":"Shading Mode"},"sceneLighting":false,"audioPlay":false,"sceneViewState":{"showFog":true,"showMaterialUpdate":true,"showSkybox":false,"showFlares":true,"showImageEffects":true,"showParticleSystems":true},"in2DMode":false,"pivot":{"x":-58.73576354980469,"y":1.982472538948059,"z":13.290046691894532},"rotation":{"x":0.0532667301595211,"y":-0.8334850668907166,"z":0.06759510189294815,"w":0.5473180413246155},"size":4.015594482421875,"orthographic":false}