{"cameraMode":{"drawMode":0,"name":"Shaded","section":"Shading Mode"},"sceneLighting":false,"audioPlay":false,"sceneViewState":{"showFog":true,"showMaterialUpdate":true,"showSkybox":false,"showFlares":true,"showImageEffects":true,"showParticleSystems":true},"in2DMode":false,"pivot":{"x":0.6102479696273804,"y":-0.8368041515350342,"z":-2.015432596206665},"rotation":{"x":-0.02352033369243145,"y":-0.9765911102294922,"z":0.16138431429862977,"w":-0.14215320348739625},"size":1.892850399017334,"orthographic":false}