{"cameraMode":{"drawMode":0,"name":"Shaded","section":"Shading Mode"},"sceneLighting":false,"audioPlay":false,"sceneViewState":{"showFog":true,"showMaterialUpdate":true,"showSkybox":false,"showFlares":true,"showImageEffects":true,"showParticleSystems":true},"in2DMode":false,"pivot":{"x":-12.354390144348145,"y":20.167552947998048,"z":-16.433996200561525},"rotation":{"x":0.12983612716197968,"y":0.662696897983551,"z":-0.12168267369270325,"w":0.7282435894012451},"size":32.2885856628418,"orthographic":false}