{"cameraMode":{"drawMode":0,"name":"Shaded","section":"Shading Mode"},"sceneLighting":false,"audioPlay":false,"sceneViewState":{"showFog":true,"showMaterialUpdate":true,"showSkybox":false,"showFlares":true,"showImageEffects":true,"showParticleSystems":true},"in2DMode":false,"pivot":{"x":8.601201057434082,"y":-2.4721453189849855,"z":-41.46337127685547},"rotation":{"x":0.08852524310350418,"y":0.6603195667266846,"z":-0.0788218230009079,"w":0.7415814995765686},"size":11.771929740905762,"orthographic":false}