{"cameraMode":{"drawMode":0,"name":"Shaded","section":"Shading Mode"},"sceneLighting":false,"audioPlay":false,"sceneViewState":{"showFog":true,"showMaterialUpdate":true,"showSkybox":false,"showFlares":true,"showImageEffects":true,"showParticleSystems":true},"in2DMode":false,"pivot":{"x":-0.302007794380188,"y":0.38699451088905337,"z":-0.3818056285381317},"rotation":{"x":0.02969052828848362,"y":-0.9688031673431397,"z":0.13012531399726869,"w":0.21198898553848267},"size":1.294405221939087,"orthographic":false}