{"cameraMode":{"drawMode":0,"name":"Shaded","section":"Shading Mode"},"sceneLighting":false,"audioPlay":false,"sceneViewState":{"showFog":true,"showMaterialUpdate":true,"showSkybox":false,"showFlares":true,"showImageEffects":true,"showParticleSystems":true},"in2DMode":false,"pivot":{"x":5.119189739227295,"y":-2.3656628131866457,"z":-1.8369847536087037},"rotation":{"x":-0.20636437833309174,"y":-0.7642218470573425,"z":0.29634588956832888,"w":-0.5353168845176697},"size":10.0,"orthographic":false}