{"cameraMode":{"drawMode":0,"name":"Shaded","section":"Shading Mode"},"sceneLighting":false,"audioPlay":false,"sceneViewState":{"showFog":true,"showMaterialUpdate":true,"showSkybox":false,"showFlares":true,"showImageEffects":true,"showParticleSystems":true},"in2DMode":false,"pivot":{"x":0.47111326456069949,"y":-0.868933916091919,"z":-1.133272409439087},"rotation":{"x":-0.03177238628268242,"y":-0.9346928000450134,"z":0.34413325786590578,"w":-0.08628130704164505},"size":1.892850399017334,"orthographic":false}