{"cameraMode":{"drawMode":0,"name":"Shaded","section":"Shading Mode"},"sceneLighting":true,"audioPlay":false,"sceneViewState":{"showFog":true,"showMaterialUpdate":true,"showSkybox":false,"showFlares":true,"showImageEffects":true,"showParticleSystems":true},"in2DMode":false,"pivot":{"x":0.485250860452652,"y":4.481873512268066,"z":3.018913984298706},"rotation":{"x":-0.25566282868385317,"y":0.011534132994711399,"z":0.002405086997896433,"w":-0.9675351977348328},"size":7.7112531661987309,"orthographic":false}