{"cameraMode":{"drawMode":0,"name":"Shaded","section":"Shading Mode"},"sceneLighting":false,"audioPlay":false,"sceneViewState":{"showFog":true,"showMaterialUpdate":true,"showSkybox":false,"showFlares":true,"showImageEffects":true,"showParticleSystems":true},"in2DMode":false,"pivot":{"x":-0.11328941583633423,"y":0.13478055596351624,"z":0.0983855128288269},"rotation":{"x":0.12983612716197968,"y":0.662696897983551,"z":-0.12168267369270325,"w":0.7282435894012451},"size":1.0750700235366822,"orthographic":false}