{"cameraMode":{"drawMode":0,"name":"Shaded","section":"Shading Mode"},"sceneLighting":false,"audioPlay":false,"sceneViewState":{"showFog":true,"showMaterialUpdate":true,"showSkybox":false,"showFlares":true,"showImageEffects":true,"showParticleSystems":true},"in2DMode":false,"pivot":{"x":7.59635066986084,"y":49.525428771972659,"z":-7.161217212677002},"rotation":{"x":0.02387954667210579,"y":0.9524598121643066,"z":-0.2935367822647095,"w":0.08443695306777954},"size":107.85388946533203,"orthographic":false}