{"cameraMode":{"drawMode":0,"name":"Shaded","section":"Shading Mode"},"sceneLighting":false,"audioPlay":false,"sceneViewState":{"showFog":true,"showMaterialUpdate":true,"showSkybox":false,"showFlares":true,"showImageEffects":true,"showParticleSystems":true},"in2DMode":false,"pivot":{"x":-0.8681567907333374,"y":-8.141607284545899,"z":-5.90467643737793},"rotation":{"x":-0.025496821850538255,"y":-0.9184709787368774,"z":0.3907873332500458,"w":-0.0598144493997097},"size":8.88990592956543,"orthographic":false}