{"cameraMode":{"drawMode":0,"name":"Shaded","section":"Shading Mode"},"sceneLighting":true,"audioPlay":false,"sceneViewState":{"showFog":true,"showMaterialUpdate":true,"showSkybox":true,"showFlares":true,"showImageEffects":true,"showParticleSystems":true},"in2DMode":false,"pivot":{"x":-13.841272354125977,"y":-10.706611633300782,"z":12.81572151184082},"rotation":{"x":0.1439065784215927,"y":-0.6520602703094482,"z":0.11706414818763733,"w":0.736280083656311},"size":13.047987937927246,"orthographic":false}