{"cameraMode":{"drawMode":0,"name":"Shaded","section":"Shading Mode"},"sceneLighting":true,"audioPlay":false,"sceneViewState":{"showFog":true,"showMaterialUpdate":true,"showSkybox":true,"showFlares":true,"showImageEffects":true,"showParticleSystems":true},"in2DMode":false,"pivot":{"x":-33.782955169677737,"y":-8.641139030456543,"z":36.07710266113281},"rotation":{"x":-0.25862908363342287,"y":0.466190904378891,"z":-0.14091692864894868,"w":-0.8349042534828186},"size":0.8660253882408142,"orthographic":false}