{"cameraMode":{"drawMode":0,"name":"Shaded","section":"Shading Mode"},"sceneLighting":false,"audioPlay":false,"sceneViewState":{"showFog":true,"showMaterialUpdate":true,"showSkybox":false,"showFlares":true,"showImageEffects":true,"showParticleSystems":true},"in2DMode":false,"pivot":{"x":11.44456958770752,"y":2.1407413482666017,"z":-1.7164695262908936},"rotation":{"x":0.04827023297548294,"y":-0.003520132042467594,"z":0.0003825263702310622,"w":0.9991448521614075},"size":1.2124354839324952,"orthographic":false}