{"cameraMode":{"drawMode":0,"name":"Shaded","section":"Shading Mode"},"sceneLighting":false,"audioPlay":false,"sceneViewState":{"showFog":true,"showMaterialUpdate":true,"showSkybox":false,"showFlares":true,"showImageEffects":true,"showParticleSystems":true},"in2DMode":false,"pivot":{"x":0.306388795375824,"y":-0.02232074737548828,"z":-0.31382179260253909},"rotation":{"x":-0.011212870478630066,"y":-0.9853258728981018,"z":0.0698419138789177,"w":-0.15703582763671876},"size":0.5008308291435242,"orthographic":false}