{"cameraMode":{"drawMode":0,"name":"Shaded","section":"Shading Mode"},"sceneLighting":false,"audioPlay":false,"sceneViewState":{"showFog":true,"showMaterialUpdate":false,"showSkybox":false,"showFlares":true,"showImageEffects":true,"showParticleSystems":true},"in2DMode":false,"pivot":{"x":4.108545303344727,"y":-4.997581481933594,"z":-16.354177474975587},"rotation":{"x":0.009132514707744122,"y":0.9753814935684204,"z":-0.2173960953950882,"w":0.03970653936266899},"size":10.0,"orthographic":false}