{"cameraMode":{"drawMode":0,"name":"Shaded","section":"Shading Mode"},"sceneLighting":false,"audioPlay":false,"sceneViewState":{"showFog":true,"showMaterialUpdate":true,"showSkybox":false,"showFlares":true,"showImageEffects":true,"showParticleSystems":true},"in2DMode":false,"pivot":{"x":-0.4609857201576233,"y":0.5026638507843018,"z":-0.3472072184085846},"rotation":{"x":0.25593966245651247,"y":0.3632318079471588,"z":-0.10659710317850113,"w":0.8900912404060364},"size":0.35547715425491335,"orthographic":false}