{"cameraMode":{"drawMode":0,"name":"Shaded","section":"Shading Mode"},"sceneLighting":true,"audioPlay":false,"sceneViewState":{"showFog":true,"showMaterialUpdate":true,"showSkybox":true,"showFlares":true,"showImageEffects":true,"showParticleSystems":true},"in2DMode":false,"pivot":{"x":-17.89266586303711,"y":-32.81777572631836,"z":26.44521141052246},"rotation":{"x":0.3936212956905365,"y":-0.071042001247406,"z":0.007156156003475189,"w":0.9175865054130554},"size":21.241649627685548,"orthographic":false}