{"cameraMode":{"drawMode":0,"name":"Shaded","section":"Shading Mode"},"sceneLighting":true,"audioPlay":false,"sceneViewState":{"showFog":true,"showMaterialUpdate":true,"showSkybox":true,"showFlares":true,"showImageEffects":true,"showParticleSystems":true},"in2DMode":false,"pivot":{"x":1565.7266845703125,"y":-241.19972229003907,"z":365.927978515625},"rotation":{"x":-0.035942912101745608,"y":-0.017377199605107309,"z":0.020038988441228868,"w":-0.9999696612358093},"size":311.50653076171877,"orthographic":false}