{"cameraMode":{"drawMode":0,"name":"Shaded","section":"Shading Mode"},"sceneLighting":false,"audioPlay":false,"sceneViewState":{"showFog":true,"showMaterialUpdate":true,"showSkybox":false,"showFlares":true,"showImageEffects":true,"showParticleSystems":true},"in2DMode":false,"pivot":{"x":-13.290223121643067,"y":-4.627106666564941,"z":-0.7757073640823364},"rotation":{"x":0.09511362016201019,"y":-0.7348173260688782,"z":0.10588350147008896,"w":0.6635783314704895},"size":8.858851432800293,"orthographic":false}