{"cameraMode":{"drawMode":0,"name":"Shaded","section":"Shading Mode"},"sceneLighting":true,"audioPlay":false,"sceneViewState":{"showFog":true,"showMaterialUpdate":true,"showSkybox":false,"showFlares":true,"showImageEffects":true,"showParticleSystems":true},"in2DMode":false,"pivot":{"x":0.3063889741897583,"y":-0.022320985794067384,"z":-0.31382203102111819},"rotation":{"x":-0.1704612374305725,"y":-0.012216861359775067,"z":0.009999286383390427,"w":-0.9860991835594177},"size":1.892850399017334,"orthographic":false}