{"cameraMode":{"drawMode":0,"name":"Shaded","section":"Shading Mode"},"sceneLighting":false,"audioPlay":false,"sceneViewState":{"showFog":true,"showMaterialUpdate":true,"showSkybox":false,"showFlares":true,"showImageEffects":true,"showParticleSystems":true},"in2DMode":false,"pivot":{"x":-4.088495254516602,"y":-4.006665229797363,"z":-5.072613716125488},"rotation":{"x":-0.09809967130422592,"y":0.9018141031265259,"z":-0.30169785022735598,"w":-0.2939006984233856},"size":7.088723659515381,"orthographic":false}