{"cameraMode":{"drawMode":0,"name":"Shaded","section":"Shading Mode"},"sceneLighting":false,"audioPlay":false,"sceneViewState":{"showFog":true,"showMaterialUpdate":true,"showSkybox":false,"showFlares":true,"showImageEffects":true,"showParticleSystems":true},"in2DMode":false,"pivot":{"x":-2.788029670715332,"y":2.6966261863708498,"z":5.747499942779541},"rotation":{"x":0.01696472242474556,"y":-0.7059934139251709,"z":0.01737244985997677,"w":0.7081924080848694},"size":10.301698684692383,"orthographic":false}