{"cameraMode":{"drawMode":0,"name":"Shaded","section":"Shading Mode"},"sceneLighting":false,"audioPlay":false,"sceneViewState":{"showFog":true,"showMaterialUpdate":true,"showSkybox":false,"showFlares":true,"showImageEffects":true,"showParticleSystems":true},"in2DMode":false,"pivot":{"x":-2.1208012104034426,"y":4.205353260040283,"z":0.7029157280921936},"rotation":{"x":0.04220939055085182,"y":-0.6852450370788574,"z":0.030000636354088784,"w":0.7276730537414551},"size":6.925441741943359,"orthographic":false}