{"cameraMode":{"drawMode":0,"name":"Shaded","section":"Shading Mode"},"sceneLighting":false,"audioPlay":false,"sceneViewState":{"showFog":true,"showMaterialUpdate":true,"showSkybox":false,"showFlares":true,"showImageEffects":true,"showParticleSystems":true},"in2DMode":false,"pivot":{"x":-2.3006675243377687,"y":2.5668702125549318,"z":0.7666269540786743},"rotation":{"x":0.47095492482185366,"y":0.14932119846343995,"z":-0.08141321688890457,"w":0.865678071975708},"size":6.25,"orthographic":false}