{"cameraMode":{"drawMode":0,"name":"Shaded","section":"Shading Mode"},"sceneLighting":false,"audioPlay":false,"sceneViewState":{"showFog":true,"showMaterialUpdate":true,"showSkybox":false,"showFlares":true,"showImageEffects":true,"showParticleSystems":true},"in2DMode":false,"pivot":{"x":0.09987258911132813,"y":20.203311920166017,"z":0.10474491119384766},"rotation":{"x":0.12983612716197968,"y":0.662696897983551,"z":-0.12168267369270325,"w":0.7282435894012451},"size":29.795650482177736,"orthographic":false}