{"cameraMode":{"drawMode":0,"name":"Shaded","section":"Shading Mode"},"sceneLighting":false,"audioPlay":false,"sceneViewState":{"showFog":true,"showMaterialUpdate":true,"showSkybox":false,"showFlares":true,"showImageEffects":true,"showParticleSystems":true},"in2DMode":false,"pivot":{"x":1.7629739046096802,"y":-0.5606730580329895,"z":-5.054722785949707},"rotation":{"x":-0.0010080770589411259,"y":0.9992546439170837,"z":-0.027255205437541009,"w":-0.029577618464827539},"size":6.25,"orthographic":false}