{"cameraMode":{"drawMode":0,"name":"Shaded","section":"Shading Mode"},"sceneLighting":false,"audioPlay":false,"sceneViewState":{"showFog":true,"showMaterialUpdate":false,"showSkybox":false,"showFlares":true,"showImageEffects":true,"showParticleSystems":true},"in2DMode":false,"pivot":{"x":-0.18524448573589326,"y":0.14145499467849732,"z":-0.5228645205497742},"rotation":{"x":0.002817886881530285,"y":0.9957908391952515,"z":-0.08866158127784729,"w":0.02861076407134533},"size":2.14327073097229,"orthographic":false}