{"cameraMode":{"drawMode":0,"name":"Shaded","section":"Shading Mode"},"sceneLighting":false,"audioPlay":false,"sceneViewState":{"showFog":true,"showMaterialUpdate":true,"showSkybox":false,"showFlares":true,"showImageEffects":true,"showParticleSystems":true},"in2DMode":false,"pivot":{"x":0.7070466876029968,"y":2.863389015197754,"z":0.3527008295059204},"rotation":{"x":0.027096224948763849,"y":0.9591909050941467,"z":-0.2657998502254486,"w":0.09963995218276978},"size":1.5670205354690552,"orthographic":false}