{"cameraMode":{"drawMode":0,"name":"Shaded","section":"Shading Mode"},"sceneLighting":false,"audioPlay":false,"sceneViewState":{"showFog":true,"showMaterialUpdate":true,"showSkybox":false,"showFlares":true,"showImageEffects":true,"showParticleSystems":true},"in2DMode":false,"pivot":{"x":0.5647878050804138,"y":-1.9527621269226075,"z":0.35881370306015017},"rotation":{"x":-0.12547516822814942,"y":-0.868622899055481,"z":0.27889901399612429,"w":-0.39006510376930239},"size":2.1213462352752687,"orthographic":false}