{"cameraMode":{"drawMode":0,"name":"Shaded","section":"Shading Mode"},"sceneLighting":true,"audioPlay":false,"sceneViewState":{"showFog":true,"showMaterialUpdate":true,"showSkybox":true,"showFlares":true,"showImageEffects":true,"showParticleSystems":true},"in2DMode":false,"pivot":{"x":1569.851318359375,"y":-170.15036010742188,"z":-135.57772827148438},"rotation":{"x":-0.018285175785422326,"y":-0.014723177067935467,"z":-0.00026848993729799986,"w":-0.9999145269393921},"size":70.71072387695313,"orthographic":false}