{"cameraMode":{"drawMode":0,"name":"Shaded","section":"Shading Mode"},"sceneLighting":true,"audioPlay":false,"sceneViewState":{"showFog":true,"showMaterialUpdate":true,"showSkybox":false,"showFlares":true,"showImageEffects":true,"showParticleSystems":true},"in2DMode":false,"pivot":{"x":2.3028717041015627,"y":-12.952261924743653,"z":-11.72842788696289},"rotation":{"x":-0.021213075146079065,"y":-0.9211257100105286,"z":0.3844016194343567,"w":-0.07085869461297989},"size":13.047987937927246,"orthographic":false}