{"cameraMode":{"drawMode":0,"name":"Shaded","section":"Shading Mode"},"sceneLighting":false,"audioPlay":false,"sceneViewState":{"showFog":true,"showMaterialUpdate":true,"showSkybox":false,"showFlares":true,"showImageEffects":true,"showParticleSystems":true},"in2DMode":false,"pivot":{"x":0.06132985278964043,"y":1.0829405784606934,"z":-1.0019557476043702},"rotation":{"x":0.0008554657106287777,"y":-0.9930713772773743,"z":0.12304670363664627,"w":-0.0020454442128539087},"size":2.0387625694274904,"orthographic":false}