{"cameraMode":{"drawMode":0,"name":"Shaded","section":"Shading Mode"},"sceneLighting":true,"audioPlay":false,"sceneViewState":{"showFog":true,"showMaterialUpdate":true,"showSkybox":true,"showFlares":true,"showImageEffects":true,"showParticleSystems":true},"in2DMode":false,"pivot":{"x":8.242886543273926,"y":12.876834869384766,"z":-63.41001892089844},"rotation":{"x":0.15571093559265138,"y":0.07581911236047745,"z":-0.025728190317749978,"w":0.9854837656021118},"size":4.82646369934082,"orthographic":false}