{"cameraMode":{"drawMode":0,"name":"Shaded","section":"Shading Mode"},"sceneLighting":true,"audioPlay":false,"sceneViewState":{"showFog":true,"showMaterialUpdate":true,"showSkybox":true,"showFlares":true,"showImageEffects":true,"showParticleSystems":true},"in2DMode":false,"pivot":{"x":-64.2699966430664,"y":0.9299999475479126,"z":7.590000152587891},"rotation":{"x":-0.0602286271750927,"y":-0.0018675930332392455,"z":0.019139256328344346,"w":-0.9989597201347351},"size":1.0706086158752442,"orthographic":false}