{"cameraMode":{"drawMode":0,"name":"Shaded","section":"Shading Mode"},"sceneLighting":true,"audioPlay":false,"sceneViewState":{"showFog":true,"showMaterialUpdate":true,"showSkybox":true,"showFlares":true,"showImageEffects":true,"showParticleSystems":true},"in2DMode":false,"pivot":{"x":30.905197143554689,"y":-2.0175576210021974,"z":61.87409973144531},"rotation":{"x":-0.3133687376976013,"y":0.45681965351104739,"z":-0.15058399736881257,"w":-0.8199964761734009},"size":2.1598293781280519,"orthographic":false}