{"cameraMode":{"drawMode":0,"name":"Shaded","section":"Shading Mode"},"sceneLighting":false,"audioPlay":false,"sceneViewState":{"showFog":true,"showMaterialUpdate":true,"showSkybox":false,"showFlares":true,"showImageEffects":true,"showParticleSystems":true},"in2DMode":false,"pivot":{"x":-0.10576885938644409,"y":1.7409833669662476,"z":-0.27024316787719729},"rotation":{"x":-0.015574641525745392,"y":0.9854831695556641,"z":-0.13105639815330506,"w":-0.11290837824344635},"size":2.0387625694274904,"orthographic":false}