{"cameraMode":{"drawMode":0,"name":"Shaded","section":"Shading Mode"},"sceneLighting":false,"audioPlay":false,"sceneViewState":{"showFog":true,"showMaterialUpdate":true,"showSkybox":false,"showFlares":true,"showImageEffects":true,"showParticleSystems":true},"in2DMode":false,"pivot":{"x":1.851709008216858,"y":-5.575817108154297,"z":-15.983551979064942},"rotation":{"x":-0.00337822362780571,"y":0.9824336171150208,"z":-0.17574985325336457,"w":0.0760546401143074},"size":10.0,"orthographic":false}