{"cameraMode":{"drawMode":0,"name":"Shaded","section":"Shading Mode"},"sceneLighting":false,"audioPlay":false,"sceneViewState":{"showFog":true,"showMaterialUpdate":false,"showSkybox":false,"showFlares":true,"showImageEffects":true,"showParticleSystems":true},"in2DMode":false,"pivot":{"x":-0.09637928009033203,"y":2.1977248191833498,"z":0.03823423385620117},"rotation":{"x":0.11886075139045716,"y":0.6556652188301086,"z":-0.10509610176086426,"w":0.7383915781974793},"size":8.041534423828125,"orthographic":false}