{"cameraMode":{"drawMode":0,"name":"Shaded","section":"Shading Mode"},"sceneLighting":false,"audioPlay":false,"sceneViewState":{"showFog":true,"showMaterialUpdate":false,"showSkybox":false,"showFlares":true,"showImageEffects":true,"showParticleSystems":true},"in2DMode":false,"pivot":{"x":8.635371208190918,"y":0.03272073343396187,"z":31.936729431152345},"rotation":{"x":0.1437743604183197,"y":0.6211546063423157,"z":-0.11683618277311325,"w":0.7616684436798096},"size":4.566412448883057,"orthographic":false}