{"cameraMode":{"drawMode":0,"name":"Shaded","section":"Shading Mode"},"sceneLighting":false,"audioPlay":false,"sceneViewState":{"showFog":true,"showMaterialUpdate":true,"showSkybox":false,"showFlares":true,"showImageEffects":true,"showParticleSystems":true},"in2DMode":false,"pivot":{"x":-0.09538030624389649,"y":-0.10745763778686524,"z":-0.0036764144897460939},"rotation":{"x":0.12983612716197968,"y":0.662696897983551,"z":-0.12168267369270325,"w":0.7282435894012451},"size":4.8326921463012699,"orthographic":false}