{"cameraMode":{"drawMode":0,"name":"Shaded","section":"Shading Mode"},"sceneLighting":true,"audioPlay":false,"sceneViewState":{"showFog":true,"showMaterialUpdate":true,"showSkybox":true,"showFlares":true,"showImageEffects":true,"showParticleSystems":true},"in2DMode":false,"pivot":{"x":1579.324462890625,"y":-164.6618194580078,"z":-14.868169784545899},"rotation":{"x":0.12602633237838746,"y":-0.001168175251223147,"z":-0.017237242311239244,"w":0.992817759513855},"size":371.0308837890625,"orthographic":false}