{"cameraMode":{"drawMode":0,"name":"Shaded","section":"Shading Mode"},"sceneLighting":false,"audioPlay":false,"sceneViewState":{"showFog":true,"showMaterialUpdate":true,"showSkybox":false,"showFlares":true,"showImageEffects":true,"showParticleSystems":true},"in2DMode":false,"pivot":{"x":4.079999923706055,"y":12.60000228881836,"z":8.929998397827149},"rotation":{"x":0.5513584017753601,"y":-0.04024764150381088,"z":0.018711857497692109,"w":0.8341310620307922},"size":13.248106956481934,"orthographic":false}