{"cameraMode":{"drawMode":0,"name":"Shaded","section":"Shading Mode"},"sceneLighting":true,"audioPlay":false,"sceneViewState":{"showFog":true,"showMaterialUpdate":true,"showSkybox":true,"showFlares":true,"showImageEffects":true,"showParticleSystems":true},"in2DMode":false,"pivot":{"x":6.784947395324707,"y":-2.003119468688965,"z":9.600775718688965},"rotation":{"x":-0.18296292424201966,"y":-0.03638061508536339,"z":0.026090020313858987,"w":-0.9830777645111084},"size":1.077203631401062,"orthographic":false}