{"cameraMode":{"drawMode":0,"name":"Shaded","section":"Shading Mode"},"sceneLighting":false,"audioPlay":false,"sceneViewState":{"showFog":true,"showMaterialUpdate":true,"showSkybox":false,"showFlares":true,"showImageEffects":true,"showParticleSystems":true},"in2DMode":false,"pivot":{"x":-0.8031150102615356,"y":0.7230905890464783,"z":-0.820832371711731},"rotation":{"x":0.25593966245651247,"y":0.3632318079471588,"z":-0.10659710317850113,"w":0.8900912404060364},"size":1.1159050464630128,"orthographic":false}