{"cameraMode":{"drawMode":0,"name":"Shaded","section":"Shading Mode"},"sceneLighting":false,"audioPlay":false,"sceneViewState":{"showFog":true,"showMaterialUpdate":true,"showSkybox":false,"showFlares":true,"showImageEffects":true,"showParticleSystems":true},"in2DMode":false,"pivot":{"x":-25.73222541809082,"y":-14.101078033447266,"z":24.34754180908203},"rotation":{"x":0.30318397283554079,"y":-0.27505674958229067,"z":0.08430398255586624,"w":0.9094289541244507},"size":13.248106956481934,"orthographic":false}