{"cameraMode":{"drawMode":0,"name":"Shaded","section":"Shading Mode"},"sceneLighting":false,"audioPlay":false,"sceneViewState":{"showFog":true,"showMaterialUpdate":true,"showSkybox":false,"showFlares":true,"showImageEffects":true,"showParticleSystems":true},"in2DMode":false,"pivot":{"x":-67.43000030517578,"y":-3.947999954223633,"z":0.7600002288818359},"rotation":{"x":-0.28436118364334109,"y":-0.01708933711051941,"z":0.005033164285123348,"w":-0.958946943283081},"size":21.241649627685548,"orthographic":false}