{"cameraMode":{"drawMode":0,"name":"Shaded","section":"Shading Mode"},"sceneLighting":false,"audioPlay":false,"sceneViewState":{"showFog":true,"showMaterialUpdate":true,"showSkybox":false,"showFlares":true,"showImageEffects":true,"showParticleSystems":true},"in2DMode":false,"pivot":{"x":-0.8190150260925293,"y":3.5862371921539308,"z":-22.70098114013672},"rotation":{"x":-0.10704284906387329,"y":0.876370370388031,"z":-0.2287374883890152,"w":-0.4101174771785736},"size":8.319574356079102,"orthographic":false}