{"cameraMode":{"drawMode":0,"name":"Shaded","section":"Shading Mode"},"sceneLighting":false,"audioPlay":false,"sceneViewState":{"showFog":true,"showMaterialUpdate":true,"showSkybox":false,"showFlares":true,"showImageEffects":true,"showParticleSystems":true},"in2DMode":false,"pivot":{"x":-2.583329677581787,"y":5.086280822753906,"z":-33.12264633178711},"rotation":{"x":-0.10704284906387329,"y":0.876370370388031,"z":-0.2287374883890152,"w":-0.4101174771785736},"size":9.755590438842774,"orthographic":false}