{"cameraMode":{"drawMode":0,"name":"Shaded","section":"Shading Mode"},"sceneLighting":false,"audioPlay":false,"sceneViewState":{"showFog":true,"showMaterialUpdate":true,"showSkybox":false,"showFlares":true,"showImageEffects":true,"showParticleSystems":true},"in2DMode":false,"pivot":{"x":-5.070000171661377,"y":12.60000228881836,"z":8.929998397827149},"rotation":{"x":0.15856796503067017,"y":0.014114865101873875,"z":-0.01190163753926754,"w":0.9880738854408264},"size":13.248106956481934,"orthographic":false}