{"cameraMode":{"drawMode":0,"name":"Shaded","section":"Shading Mode"},"sceneLighting":false,"audioPlay":false,"sceneViewState":{"showFog":true,"showMaterialUpdate":true,"showSkybox":false,"showFlares":true,"showImageEffects":true,"showParticleSystems":true},"in2DMode":false,"pivot":{"x":-0.43242979049682619,"y":1.1940162181854249,"z":-2.849491596221924},"rotation":{"x":0.02522425912320614,"y":-0.962216854095459,"z":0.09280649572610855,"w":0.25673708319664},"size":6.4862961769104,"orthographic":false}