{"cameraMode":{"drawMode":0,"name":"Shaded","section":"Shading Mode"},"sceneLighting":false,"audioPlay":false,"sceneViewState":{"showFog":true,"showMaterialUpdate":true,"showSkybox":false,"showFlares":true,"showImageEffects":true,"showParticleSystems":true},"in2DMode":false,"pivot":{"x":-2.8824334144592287,"y":-3.2736237049102785,"z":-14.745756149291993},"rotation":{"x":-0.01617397367954254,"y":0.9849751591682434,"z":-0.13098417222499848,"w":-0.11732422560453415},"size":10.0,"orthographic":false}