{"cameraMode":{"drawMode":0,"name":"Shaded","section":"Shading Mode"},"sceneLighting":false,"audioPlay":false,"sceneViewState":{"showFog":true,"showMaterialUpdate":true,"showSkybox":false,"showFlares":true,"showImageEffects":true,"showParticleSystems":true},"in2DMode":false,"pivot":{"x":0.32605838775634768,"y":0.9054195880889893,"z":-44.33664321899414},"rotation":{"x":0.06319113820791245,"y":0.741301953792572,"z":-0.07049055397510529,"w":0.6644718647003174},"size":11.771929740905762,"orthographic":false}