{"cameraMode":{"drawMode":0,"name":"Shaded","section":"Shading Mode"},"sceneLighting":false,"audioPlay":false,"sceneViewState":{"showFog":true,"showMaterialUpdate":true,"showSkybox":false,"showFlares":true,"showImageEffects":true,"showParticleSystems":true},"in2DMode":false,"pivot":{"x":3.729478359222412,"y":0.1821809709072113,"z":19.96189308166504},"rotation":{"x":0.14388953149318696,"y":0.7206162810325623,"z":-0.16539476811885835,"w":0.6589760780334473},"size":10.301698684692383,"orthographic":false}