{"cameraMode":{"drawMode":0,"name":"Shaded","section":"Shading Mode"},"sceneLighting":true,"audioPlay":false,"sceneViewState":{"showFog":true,"showMaterialUpdate":true,"showSkybox":true,"showFlares":true,"showImageEffects":true,"showParticleSystems":true},"in2DMode":false,"pivot":{"x":-18.93724822998047,"y":-6.103128433227539,"z":-5.088084697723389},"rotation":{"x":-0.09075375646352768,"y":0.714263379573822,"z":-0.09371726959943772,"w":-0.6882218718528748},"size":14.686763763427735,"orthographic":false}