{"cameraMode":{"drawMode":0,"name":"Shaded","section":"Shading Mode"},"sceneLighting":false,"audioPlay":false,"sceneViewState":{"showFog":true,"showMaterialUpdate":true,"showSkybox":false,"showFlares":true,"showImageEffects":true,"showParticleSystems":true},"in2DMode":false,"pivot":{"x":-0.09125891327857971,"y":-0.06345295906066895,"z":0.04590106010437012},"rotation":{"x":0.022456295788288118,"y":-0.9689173698425293,"z":0.22817900776863099,"w":0.09571719914674759},"size":1.0440144538879395,"orthographic":false}