{"cameraMode":{"drawMode":0,"name":"Shaded","section":"Shading Mode"},"sceneLighting":false,"audioPlay":false,"sceneViewState":{"showFog":true,"showMaterialUpdate":true,"showSkybox":false,"showFlares":true,"showImageEffects":true,"showParticleSystems":true},"in2DMode":false,"pivot":{"x":12.998305320739746,"y":-7.4570698738098148,"z":-5.086359024047852},"rotation":{"x":-0.14112786948680879,"y":-0.7928147912025452,"z":0.20058682560920716,"w":-0.5580289363861084},"size":10.0,"orthographic":false}