{"cameraMode":{"drawMode":0,"name":"Shaded","section":"Shading Mode"},"sceneLighting":false,"audioPlay":false,"sceneViewState":{"showFog":true,"showMaterialUpdate":true,"showSkybox":false,"showFlares":true,"showImageEffects":true,"showParticleSystems":true},"in2DMode":false,"pivot":{"x":194.93270874023438,"y":-46.2098274230957,"z":-21.20006561279297},"rotation":{"x":0.07813801616430283,"y":0.7373225688934326,"z":-0.08917871117591858,"w":0.6658411026000977},"size":125.93936157226563,"orthographic":false}