{"cameraMode":{"drawMode":0,"name":"Shaded","section":"Shading Mode"},"sceneLighting":false,"audioPlay":false,"sceneViewState":{"showFog":true,"showMaterialUpdate":true,"showSkybox":false,"showFlares":true,"showImageEffects":true,"showParticleSystems":true},"in2DMode":false,"pivot":{"x":11.458187103271485,"y":-23.136516571044923,"z":-7.948028564453125},"rotation":{"x":-0.10802005231380463,"y":-0.04003309831023216,"z":0.003815150586888194,"w":-0.9935277700424194},"size":81.39410400390625,"orthographic":false}