{"cameraMode":{"drawMode":0,"name":"Shaded","section":"Shading Mode"},"sceneLighting":false,"audioPlay":false,"sceneViewState":{"showFog":true,"showMaterialUpdate":true,"showSkybox":false,"showFlares":true,"showImageEffects":true,"showParticleSystems":true},"in2DMode":false,"pivot":{"x":-0.0989997461438179,"y":0.6956068873405457,"z":0.19497685134410859},"rotation":{"x":-0.026301532983779908,"y":0.9459176659584045,"z":-0.0768660381436348,"w":-0.31619992852211},"size":0.6670204401016235,"orthographic":false}