{"cameraMode":{"drawMode":0,"name":"Shaded","section":"Shading Mode"},"sceneLighting":false,"audioPlay":false,"sceneViewState":{"showFog":true,"showMaterialUpdate":true,"showSkybox":false,"showFlares":true,"showImageEffects":true,"showParticleSystems":true},"in2DMode":false,"pivot":{"x":956.0499877929688,"y":638.050048828125,"z":0.0},"rotation":{"x":-0.00927835050970316,"y":0.0002810030709952116,"z":-0.0005402048118412495,"w":-1.000147819519043},"size":163.77920532226563,"orthographic":false}