{"cameraMode":{"drawMode":0,"name":"Shaded","section":"Shading Mode"},"sceneLighting":false,"audioPlay":false,"sceneViewState":{"showFog":true,"showMaterialUpdate":true,"showSkybox":false,"showFlares":true,"showImageEffects":true,"showParticleSystems":true},"in2DMode":false,"pivot":{"x":2.7341203689575197,"y":-4.208662033081055,"z":-3.699984550476074},"rotation":{"x":-0.019127823412418367,"y":0.8869024515151978,"z":-0.46036261320114138,"w":-0.03736007586121559},"size":7.088723659515381,"orthographic":false}