{"cameraMode":{"drawMode":0,"name":"Shaded","section":"Shading Mode"},"sceneLighting":false,"audioPlay":false,"sceneViewState":{"showFog":true,"showMaterialUpdate":true,"showSkybox":false,"showFlares":true,"showImageEffects":true,"showParticleSystems":true},"in2DMode":false,"pivot":{"x":1.7948843240737916,"y":7.790761947631836,"z":-1.526785135269165},"rotation":{"x":-0.40006813406944277,"y":0.2513716518878937,"z":-0.11487440764904022,"w":-0.8738813996315002},"size":2.0882651805877687,"orthographic":false}