{"cameraMode":{"drawMode":0,"name":"Shaded","section":"Shading Mode"},"sceneLighting":false,"audioPlay":false,"sceneViewState":{"showFog":true,"showMaterialUpdate":true,"showSkybox":false,"showFlares":true,"showImageEffects":true,"showParticleSystems":true},"in2DMode":false,"pivot":{"x":-0.4663844406604767,"y":3.758424997329712,"z":-2.7214906215667726},"rotation":{"x":-0.03473588824272156,"y":0.9813190698623657,"z":-0.11757074296474457,"w":-0.15449324250221253},"size":6.945703506469727,"orthographic":false}