{"cameraMode":{"drawMode":0,"name":"Shaded","section":"Shading Mode"},"sceneLighting":false,"audioPlay":false,"sceneViewState":{"showFog":true,"showMaterialUpdate":false,"showSkybox":false,"showFlares":true,"showImageEffects":true,"showParticleSystems":true},"in2DMode":false,"pivot":{"x":15.873879432678223,"y":-4.424154281616211,"z":1.737609624862671},"rotation":{"x":0.11886075139045716,"y":0.6556652188301086,"z":-0.10509610176086426,"w":0.7383915781974793},"size":11.039060592651368,"orthographic":false}