{"cameraMode":{"drawMode":0,"name":"Shaded","section":"Shading Mode"},"sceneLighting":true,"audioPlay":false,"sceneViewState":{"showFog":true,"showMaterialUpdate":true,"showSkybox":true,"showFlares":true,"showImageEffects":true,"showParticleSystems":true},"in2DMode":false,"pivot":{"x":11.034770011901856,"y":-24.43410873413086,"z":19.13542938232422},"rotation":{"x":-0.5117922425270081,"y":-0.27072906494140627,"z":0.17688755691051484,"w":-0.7967784404754639},"size":21.821544647216798,"orthographic":false}