{"cameraMode":{"drawMode":0,"name":"Shaded","section":"Shading Mode"},"sceneLighting":false,"audioPlay":false,"sceneViewState":{"showFog":true,"showMaterialUpdate":true,"showSkybox":false,"showFlares":true,"showImageEffects":true,"showParticleSystems":true},"in2DMode":false,"pivot":{"x":2.2128682136535646,"y":0.8566524982452393,"z":-1.0460728406906129},"rotation":{"x":-0.013359337113797665,"y":0.9924245476722717,"z":-0.11957161128520966,"w":-0.0489070788025856},"size":6.122998237609863,"orthographic":false}