{"cameraMode":{"drawMode":0,"name":"Shaded","section":"Shading Mode"},"sceneLighting":false,"audioPlay":false,"sceneViewState":{"showFog":true,"showMaterialUpdate":true,"showSkybox":false,"showFlares":true,"showImageEffects":true,"showParticleSystems":true},"in2DMode":false,"pivot":{"x":-1.0448579788208008,"y":4.742161273956299,"z":0.3956812620162964},"rotation":{"x":-0.0713827982544899,"y":0.6817970275878906,"z":-0.042609307914972308,"w":-0.7281084656715393},"size":3.3740909099578859,"orthographic":false}