{"cameraMode":{"drawMode":0,"name":"Shaded","section":"Shading Mode"},"sceneLighting":true,"audioPlay":false,"sceneViewState":{"showFog":true,"showMaterialUpdate":false,"showSkybox":true,"showFlares":true,"showImageEffects":true,"showParticleSystems":true},"in2DMode":false,"pivot":{"x":485.3086853027344,"y":252.96878051757813,"z":711.1557006835938},"rotation":{"x":0.13534604012966157,"y":0.5160500407218933,"z":-0.08277926594018936,"w":0.8418553471565247},"size":10.0,"orthographic":false}