{"cameraMode":{"drawMode":0,"name":"Shaded","section":"Shading Mode"},"sceneLighting":false,"audioPlay":false,"sceneViewState":{"showFog":true,"showMaterialUpdate":true,"showSkybox":false,"showFlares":true,"showImageEffects":true,"showParticleSystems":true},"in2DMode":false,"pivot":{"x":-44.14570236206055,"y":-3.986081600189209,"z":19.786474227905275},"rotation":{"x":-0.11738386750221253,"y":0.5184481143951416,"z":-0.07228599488735199,"w":-0.8440974354743958},"size":7.088723659515381,"orthographic":false}