{"cameraMode":{"drawMode":0,"name":"Shaded","section":"Shading Mode"},"sceneLighting":false,"audioPlay":false,"sceneViewState":{"showFog":true,"showMaterialUpdate":true,"showSkybox":false,"showFlares":true,"showImageEffects":true,"showParticleSystems":true},"in2DMode":false,"pivot":{"x":0.384884238243103,"y":2.414721727371216,"z":0.7714235186576843},"rotation":{"x":-0.11099009960889816,"y":-0.031788330525159839,"z":0.0036464808508753778,"w":-0.9933509230613709},"size":6.05437707901001,"orthographic":false}