{"cameraMode":{"drawMode":0,"name":"Shaded","section":"Shading Mode"},"sceneLighting":false,"audioPlay":false,"sceneViewState":{"showFog":true,"showMaterialUpdate":true,"showSkybox":false,"showFlares":true,"showImageEffects":true,"showParticleSystems":true},"in2DMode":false,"pivot":{"x":1.5515962839126588,"y":-3.8713390827178957,"z":-12.779351234436036},"rotation":{"x":-0.009265623986721039,"y":0.9864779710769653,"z":-0.16228951513767243,"w":0.04795466735959053},"size":10.0,"orthographic":false}