{"cameraMode":{"drawMode":0,"name":"Shaded","section":"Shading Mode"},"sceneLighting":false,"audioPlay":false,"sceneViewState":{"showFog":true,"showMaterialUpdate":true,"showSkybox":false,"showFlares":true,"showImageEffects":true,"showParticleSystems":true},"in2DMode":false,"pivot":{"x":20.382837295532228,"y":-2.009737968444824,"z":5.6570539474487309},"rotation":{"x":0.09363594651222229,"y":0.662715494632721,"z":-0.08654379099607468,"w":0.7386438846588135},"size":23.774877548217775,"orthographic":false}