{"cameraMode":{"drawMode":0,"name":"Shaded","section":"Shading Mode"},"sceneLighting":false,"audioPlay":false,"sceneViewState":{"showFog":true,"showMaterialUpdate":false,"showSkybox":false,"showFlares":true,"showImageEffects":true,"showParticleSystems":true},"in2DMode":false,"pivot":{"x":10.475557327270508,"y":3.08728289604187,"z":-1.2930846214294434},"rotation":{"x":-0.00014613122039008886,"y":0.9974033236503601,"z":-0.07375387847423554,"w":-0.005757964216172695},"size":2.14327073097229,"orthographic":false}