{"cameraMode":{"drawMode":0,"name":"Shaded","section":"Shading Mode"},"sceneLighting":false,"audioPlay":false,"sceneViewState":{"showFog":true,"showMaterialUpdate":true,"showSkybox":false,"showFlares":true,"showImageEffects":true,"showParticleSystems":true},"in2DMode":false,"pivot":{"x":-1.0503530502319337,"y":2.835630416870117,"z":0.9237747192382813},"rotation":{"x":-0.10704284906387329,"y":0.876370370388031,"z":-0.2287374883890152,"w":-0.4101174771785736},"size":8.319573402404786,"orthographic":false}