{"cameraMode":{"drawMode":0,"name":"Shaded","section":"Shading Mode"},"sceneLighting":false,"audioPlay":false,"sceneViewState":{"showFog":true,"showMaterialUpdate":true,"showSkybox":false,"showFlares":true,"showImageEffects":true,"showParticleSystems":true},"in2DMode":false,"pivot":{"x":-6.222395896911621,"y":1.548471450805664,"z":5.0811028480529789},"rotation":{"x":-0.11359471827745438,"y":0.3335717022418976,"z":-0.03891215845942497,"w":-0.9357759952545166},"size":10.0,"orthographic":false}