{"cameraMode":{"drawMode":0,"name":"Shaded","section":"Shading Mode"},"sceneLighting":false,"audioPlay":false,"sceneViewState":{"showFog":true,"showMaterialUpdate":true,"showSkybox":false,"showFlares":true,"showImageEffects":true,"showParticleSystems":true},"in2DMode":false,"pivot":{"x":-0.8219102025032044,"y":-0.15155008435249329,"z":-1.1450845003128052},"rotation":{"x":0.009815840050578118,"y":-0.9465056657791138,"z":0.3247813880443573,"w":-0.021056268364191057},"size":6.7475056648254398,"orthographic":false}