{"cameraMode":{"drawMode":0,"name":"Shaded","section":"Shading Mode"},"sceneLighting":true,"audioPlay":false,"sceneViewState":{"showFog":true,"showMaterialUpdate":true,"showSkybox":true,"showFlares":true,"showImageEffects":true,"showParticleSystems":true},"in2DMode":false,"pivot":{"x":1700.7867431640625,"y":931.2884521484375,"z":-56.71782302856445},"rotation":{"x":0.07658027857542038,"y":0.061935823410749438,"z":-0.00458691269159317,"w":0.9953328967094421},"size":141.42135620117188,"orthographic":false}