{"cameraMode":{"drawMode":0,"name":"Shaded","section":"Shading Mode"},"sceneLighting":false,"audioPlay":false,"sceneViewState":{"showFog":true,"showMaterialUpdate":false,"showSkybox":false,"showFlares":true,"showImageEffects":true,"showParticleSystems":true},"in2DMode":false,"pivot":{"x":0.0,"y":0.7500000596046448,"z":-5.960464477539063e-8},"rotation":{"x":0.06674111634492874,"y":0.6592028141021729,"z":-0.058433666825294498,"w":0.7469097375869751},"size":1.762014627456665,"orthographic":false}