{"cameraMode":{"drawMode":0,"name":"Shaded","section":"Shading Mode"},"sceneLighting":false,"audioPlay":false,"sceneViewState":{"showFog":true,"showMaterialUpdate":true,"showSkybox":false,"showFlares":true,"showImageEffects":true,"showParticleSystems":true},"in2DMode":false,"pivot":{"x":15.846962928771973,"y":0.4505908787250519,"z":-17.618757247924806},"rotation":{"x":0.07225798070430756,"y":0.9257453083992004,"z":-0.26320406794548037,"w":0.2639487385749817},"size":20.317981719970704,"orthographic":false}