{"cameraMode":{"drawMode":0,"name":"Shaded","section":"Shading Mode"},"sceneLighting":true,"audioPlay":false,"sceneViewState":{"showFog":true,"showMaterialUpdate":true,"showSkybox":true,"showFlares":true,"showImageEffects":true,"showParticleSystems":true},"in2DMode":false,"pivot":{"x":40.47981262207031,"y":-0.9540588855743408,"z":35.32284164428711},"rotation":{"x":-0.3873608708381653,"y":-0.30444666743278506,"z":0.16146884858608247,"w":-0.8562431335449219},"size":1.0772026777267457,"orthographic":false}