{"cameraMode":{"drawMode":0,"name":"Shaded","section":"Shading Mode"},"sceneLighting":false,"audioPlay":false,"sceneViewState":{"showFog":true,"showMaterialUpdate":false,"showSkybox":false,"showFlares":true,"showImageEffects":true,"showParticleSystems":true},"in2DMode":false,"pivot":{"x":13.158004760742188,"y":3.1695127487182619,"z":-0.921910285949707},"rotation":{"x":0.00884897168725729,"y":0.9847197532653809,"z":-0.16730692982673646,"w":0.050463173538446429},"size":1.0069133043289185,"orthographic":false}