{"cameraMode":{"drawMode":0,"name":"Shaded","section":"Shading Mode"},"sceneLighting":false,"audioPlay":false,"sceneViewState":{"showFog":true,"showMaterialUpdate":true,"showSkybox":false,"showFlares":true,"showImageEffects":true,"showParticleSystems":true},"in2DMode":false,"pivot":{"x":-2.0669620037078859,"y":-1.2437742948532105,"z":-0.8579826951026917},"rotation":{"x":0.11347450315952301,"y":-0.818526029586792,"z":0.17350612580776215,"w":0.5362515449523926},"size":2.300830602645874,"orthographic":false}