{"cameraMode":{"drawMode":0,"name":"Shaded","section":"Shading Mode"},"sceneLighting":false,"audioPlay":false,"sceneViewState":{"showFog":true,"showMaterialUpdate":true,"showSkybox":false,"showFlares":true,"showImageEffects":true,"showParticleSystems":true},"in2DMode":false,"pivot":{"x":0.24833768606185914,"y":-1.1622371673583985,"z":0.41193142533302309},"rotation":{"x":-0.6994609832763672,"y":-0.00011090694169979542,"z":-0.00043642526725307107,"w":-0.7151980400085449},"size":7.412330627441406,"orthographic":false}