{"cameraMode":{"drawMode":0,"name":"Shaded","section":"Shading Mode"},"sceneLighting":true,"audioPlay":false,"sceneViewState":{"showFog":true,"showMaterialUpdate":true,"showSkybox":true,"showFlares":true,"showImageEffects":true,"showParticleSystems":true},"in2DMode":false,"pivot":{"x":1743.3419189453125,"y":135.3110809326172,"z":-123.82057189941406},"rotation":{"x":-0.006275491323322058,"y":-0.01626763865351677,"z":0.00011703524796757847,"w":-1.000149130821228},"size":441.7411193847656,"orthographic":false}