{"cameraMode":{"drawMode":0,"name":"Shaded","section":"Shading Mode"},"sceneLighting":false,"audioPlay":false,"sceneViewState":{"showFog":true,"showMaterialUpdate":true,"showSkybox":false,"showFlares":true,"showImageEffects":true,"showParticleSystems":true},"in2DMode":false,"pivot":{"x":-1.5299488306045533,"y":0.6045686602592468,"z":-0.1422809213399887},"rotation":{"x":-0.25823667645454409,"y":-0.6577152609825134,"z":0.2623905837535858,"w":-0.658086359500885},"size":0.8660253882408142,"orthographic":false}