{"cameraMode":{"drawMode":0,"name":"Shaded","section":"Shading Mode"},"sceneLighting":true,"audioPlay":false,"sceneViewState":{"showFog":true,"showMaterialUpdate":true,"showSkybox":true,"showFlares":true,"showImageEffects":true,"showParticleSystems":true},"in2DMode":false,"pivot":{"x":1468.8548583984375,"y":-237.531005859375,"z":-1.607753872871399},"rotation":{"x":-0.249376580119133,"y":-0.11575895547866821,"z":0.02941315621137619,"w":-0.9611971378326416},"size":167.51866149902345,"orthographic":false}