{"cameraMode":{"drawMode":0,"name":"Shaded","section":"Shading Mode"},"sceneLighting":false,"audioPlay":false,"sceneViewState":{"showFog":true,"showMaterialUpdate":false,"showSkybox":false,"showFlares":true,"showImageEffects":true,"showParticleSystems":true},"in2DMode":false,"pivot":{"x":5.086243152618408,"y":4.0349249839782719,"z":23.457088470458986},"rotation":{"x":0.11886075139045716,"y":0.6556652188301086,"z":-0.10509610176086426,"w":0.7383915781974793},"size":6.012770652770996,"orthographic":false}