{"cameraMode":{"drawMode":0,"name":"Shaded","section":"Shading Mode"},"sceneLighting":false,"audioPlay":false,"sceneViewState":{"showFog":true,"showMaterialUpdate":true,"showSkybox":false,"showFlares":true,"showImageEffects":true,"showParticleSystems":true},"in2DMode":false,"pivot":{"x":-0.7599329948425293,"y":-2.3044843673706056,"z":-5.223441123962402},"rotation":{"x":-0.06808068603277207,"y":0.9085378646850586,"z":-0.3785846531391144,"w":-0.16398431360721589},"size":8.833839416503907,"orthographic":false}