{"cameraMode":{"drawMode":0,"name":"Shaded","section":"Shading Mode"},"sceneLighting":false,"audioPlay":false,"sceneViewState":{"showFog":true,"showMaterialUpdate":true,"showSkybox":false,"showFlares":true,"showImageEffects":true,"showParticleSystems":true},"in2DMode":false,"pivot":{"x":-0.3662777841091156,"y":18.76845932006836,"z":0.15077893435955048},"rotation":{"x":-0.4756191670894623,"y":0.4733411967754364,"z":-0.34190213680267336,"w":-0.6579847931861877},"size":1.812953233718872,"orthographic":false}