{"cameraMode":{"drawMode":0,"name":"Shaded","section":"Shading Mode"},"sceneLighting":false,"audioPlay":false,"sceneViewState":{"showFog":true,"showMaterialUpdate":true,"showSkybox":false,"showFlares":true,"showImageEffects":true,"showParticleSystems":true},"in2DMode":false,"pivot":{"x":-6.319856643676758,"y":1.8080685138702393,"z":-3.5477135181427},"rotation":{"x":-0.09443124383687973,"y":0.7504000067710877,"z":-0.09875515103340149,"w":-0.6480531096458435},"size":6.925441741943359,"orthographic":false}