{"cameraMode":{"drawMode":0,"name":"Shaded","section":"Shading Mode"},"sceneLighting":true,"audioPlay":false,"sceneViewState":{"showFog":true,"showMaterialUpdate":true,"showSkybox":true,"showFlares":true,"showImageEffects":true,"showParticleSystems":true},"in2DMode":false,"pivot":{"x":-3.3636248111724855,"y":-2.629271984100342,"z":21.190528869628908},"rotation":{"x":-0.22547592222690583,"y":0.08601309359073639,"z":-0.02010018192231655,"w":-0.97056645154953},"size":8.660255432128907,"orthographic":false}