{"cameraMode":{"drawMode":0,"name":"Shaded","section":"Shading Mode"},"sceneLighting":true,"audioPlay":false,"sceneViewState":{"showFog":true,"showMaterialUpdate":true,"showSkybox":true,"showFlares":true,"showImageEffects":true,"showParticleSystems":true},"in2DMode":false,"pivot":{"x":17.223522186279298,"y":-17.850826263427736,"z":0.8800671696662903},"rotation":{"x":-0.17593522369861604,"y":-0.6548147797584534,"z":0.16037778556346894,"w":-0.717870831489563},"size":10.0,"orthographic":false}