{"cameraMode":{"drawMode":0,"name":"Shaded","section":"Shading Mode"},"sceneLighting":false,"audioPlay":false,"sceneViewState":{"showFog":true,"showMaterialUpdate":true,"showSkybox":false,"showFlares":true,"showImageEffects":true,"showParticleSystems":true},"in2DMode":false,"pivot":{"x":-11.893921852111817,"y":-13.905428886413575,"z":23.1386661529541},"rotation":{"x":0.36306700110435488,"y":0.08936324715614319,"z":-0.04207326099276543,"w":0.927450954914093},"size":13.248106956481934,"orthographic":false}