{"cameraMode":{"drawMode":0,"name":"Shaded","section":"Shading Mode"},"sceneLighting":false,"audioPlay":false,"sceneViewState":{"showFog":true,"showMaterialUpdate":true,"showSkybox":false,"showFlares":true,"showImageEffects":true,"showParticleSystems":true},"in2DMode":false,"pivot":{"x":0.25443118810653689,"y":1.0169914960861207,"z":1.0766116380691529},"rotation":{"x":-0.015574641525745392,"y":0.9854831695556641,"z":-0.13105639815330506,"w":-0.11290837824344635},"size":1.5670205354690552,"orthographic":false}