{"cameraMode":{"drawMode":0,"name":"Shaded","section":"Shading Mode"},"sceneLighting":false,"audioPlay":false,"sceneViewState":{"showFog":true,"showMaterialUpdate":true,"showSkybox":false,"showFlares":true,"showImageEffects":true,"showParticleSystems":true},"in2DMode":false,"pivot":{"x":-0.5261586904525757,"y":0.01740594580769539,"z":0.28260400891304018},"rotation":{"x":-0.05342603474855423,"y":0.963458240032196,"z":-0.1644151657819748,"w":-0.20911286771297456},"size":1.2245997190475464,"orthographic":false}