{"cameraMode":{"drawMode":0,"name":"Shaded","section":"Shading Mode"},"sceneLighting":false,"audioPlay":false,"sceneViewState":{"showFog":true,"showMaterialUpdate":true,"showSkybox":false,"showFlares":true,"showImageEffects":true,"showParticleSystems":true},"in2DMode":false,"pivot":{"x":-0.6800909042358398,"y":4.294676780700684,"z":-12.172085762023926},"rotation":{"x":-0.12883326411247254,"y":-0.6217450499534607,"z":0.10952986031770706,"w":-0.7655391097068787},"size":3.6928868293762209,"orthographic":false}