{"cameraMode":{"drawMode":0,"name":"Shaded","section":"Shading Mode"},"sceneLighting":false,"audioPlay":false,"sceneViewState":{"showFog":true,"showMaterialUpdate":true,"showSkybox":false,"showFlares":true,"showImageEffects":true,"showParticleSystems":true},"in2DMode":false,"pivot":{"x":13.972434043884278,"y":-12.910103797912598,"z":13.59863567352295},"rotation":{"x":0.6387030482292175,"y":0.11620193719863892,"z":-0.10741930454969406,"w":0.7541618943214417},"size":13.248106956481934,"orthographic":false}