{"cameraMode":{"drawMode":0,"name":"Shaded","section":"Shading Mode"},"sceneLighting":false,"audioPlay":false,"sceneViewState":{"showFog":true,"showMaterialUpdate":true,"showSkybox":false,"showFlares":true,"showImageEffects":true,"showParticleSystems":true},"in2DMode":false,"pivot":{"x":2.1052792072296144,"y":3.097580671310425,"z":0.23619672656059266},"rotation":{"x":-0.11624034494161606,"y":0.7967929244041443,"z":-0.1610073447227478,"w":-0.5718755125999451},"size":1.5670205354690552,"orthographic":false}