{"cameraMode":{"drawMode":0,"name":"Shaded","section":"Shading Mode"},"sceneLighting":false,"audioPlay":false,"sceneViewState":{"showFog":true,"showMaterialUpdate":true,"showSkybox":false,"showFlares":true,"showImageEffects":true,"showParticleSystems":true},"in2DMode":false,"pivot":{"x":-1.8328343629837037,"y":0.17140915989875794,"z":1.009418249130249},"rotation":{"x":-0.11603134870529175,"y":-0.7324092984199524,"z":0.12891383469104768,"w":-0.6588060855865479},"size":1.892850399017334,"orthographic":false}