{"cameraMode":{"drawMode":0,"name":"Shaded","section":"Shading Mode"},"sceneLighting":false,"audioPlay":false,"sceneViewState":{"showFog":true,"showMaterialUpdate":true,"showSkybox":false,"showFlares":true,"showImageEffects":true,"showParticleSystems":true},"in2DMode":false,"pivot":{"x":-1.2861688137054444,"y":-4.321300506591797,"z":4.272210597991943},"rotation":{"x":0.02690736949443817,"y":-0.8333849906921387,"z":0.5536496043205261,"w":0.010775917209684849},"size":6.7475056648254398,"orthographic":false}