{"cameraMode":{"drawMode":0,"name":"Shaded","section":"Shading Mode"},"sceneLighting":true,"audioPlay":false,"sceneViewState":{"showFog":true,"showMaterialUpdate":true,"showSkybox":true,"showFlares":true,"showImageEffects":true,"showParticleSystems":true},"in2DMode":false,"pivot":{"x":208.29998779296876,"y":1012.0999755859375,"z":0.0},"rotation":{"x":0.039212778210639957,"y":0.012882082723081112,"z":-0.007072496693581343,"w":0.999991774559021},"size":81.39410400390625,"orthographic":false}