{"cameraMode":{"drawMode":0,"name":"Shaded","section":"Shading Mode"},"sceneLighting":false,"audioPlay":false,"sceneViewState":{"showFog":true,"showMaterialUpdate":true,"showSkybox":false,"showFlares":true,"showImageEffects":true,"showParticleSystems":true},"in2DMode":false,"pivot":{"x":1.5326939821243287,"y":-1.3258819580078126,"z":-1.1827665567398072},"rotation":{"x":-0.19813530147075654,"y":-0.7326495051383972,"z":0.24242250621318818,"w":-0.6051737070083618},"size":4.240967273712158,"orthographic":false}