{"cameraMode":{"drawMode":0,"name":"Shaded","section":"Shading Mode"},"sceneLighting":false,"audioPlay":false,"sceneViewState":{"showFog":true,"showMaterialUpdate":true,"showSkybox":false,"showFlares":true,"showImageEffects":true,"showParticleSystems":true},"in2DMode":false,"pivot":{"x":9.217961311340332,"y":2.5753300189971926,"z":-1.011516809463501},"rotation":{"x":0.1446262151002884,"y":-0.31661278009414675,"z":0.04906829446554184,"w":0.9365199208259583},"size":1.3856407403945923,"orthographic":false}