{"cameraMode":{"drawMode":0,"name":"Shaded","section":"Shading Mode"},"sceneLighting":false,"audioPlay":false,"sceneViewState":{"showFog":true,"showMaterialUpdate":true,"showSkybox":false,"showFlares":true,"showImageEffects":true,"showParticleSystems":true},"in2DMode":false,"pivot":{"x":2.705770254135132,"y":3.982971668243408,"z":3.223212242126465},"rotation":{"x":-0.009128660894930363,"y":0.9991167783737183,"z":-0.037423521280288699,"w":-0.045343488454818729},"size":6.122998237609863,"orthographic":false}