{"cameraMode":{"drawMode":0,"name":"Shaded","section":"Shading Mode"},"sceneLighting":false,"audioPlay":false,"sceneViewState":{"showFog":true,"showMaterialUpdate":true,"showSkybox":false,"showFlares":true,"showImageEffects":true,"showParticleSystems":true},"in2DMode":false,"pivot":{"x":-5.318264007568359,"y":-14.820816040039063,"z":19.934141159057618},"rotation":{"x":0.4555456042289734,"y":-0.04341339319944382,"z":0.014804951846599579,"w":0.8900081515312195},"size":13.248106956481934,"orthographic":false}