{"cameraMode":{"drawMode":0,"name":"Shaded","section":"Shading Mode"},"sceneLighting":false,"audioPlay":false,"sceneViewState":{"showFog":true,"showMaterialUpdate":true,"showSkybox":false,"showFlares":true,"showImageEffects":true,"showParticleSystems":true},"in2DMode":false,"pivot":{"x":3.1141974925994875,"y":-17.94287872314453,"z":15.704777717590332},"rotation":{"x":0.5513584017753601,"y":-0.04024764150381088,"z":0.018711857497692109,"w":0.8341310620307922},"size":13.248106956481934,"orthographic":false}