{"cameraMode":{"drawMode":0,"name":"Shaded","section":"Shading Mode"},"sceneLighting":false,"audioPlay":false,"sceneViewState":{"showFog":true,"showMaterialUpdate":true,"showSkybox":false,"showFlares":true,"showImageEffects":true,"showParticleSystems":true},"in2DMode":false,"pivot":{"x":0.5833980441093445,"y":-3.607773780822754,"z":-11.555334091186524},"rotation":{"x":-0.02949744649231434,"y":0.9744282960891724,"z":-0.2207581102848053,"w":-0.05250644311308861},"size":9.184865951538086,"orthographic":false}