{"cameraMode":{"drawMode":0,"name":"Shaded","section":"Shading Mode"},"sceneLighting":false,"audioPlay":false,"sceneViewState":{"showFog":true,"showMaterialUpdate":false,"showSkybox":false,"showFlares":true,"showImageEffects":true,"showParticleSystems":true},"in2DMode":false,"pivot":{"x":-0.0028033554553985597,"y":0.812950849533081,"z":0.019458338618278505},"rotation":{"x":0.16873784363269807,"y":-0.05680135637521744,"z":0.009562354534864426,"w":0.9840503334999085},"size":1.0554372072219849,"orthographic":false}