{"cameraMode":{"drawMode":0,"name":"Shaded","section":"Shading Mode"},"sceneLighting":false,"audioPlay":false,"sceneViewState":{"showFog":true,"showMaterialUpdate":true,"showSkybox":false,"showFlares":true,"showImageEffects":true,"showParticleSystems":true},"in2DMode":false,"pivot":{"x":28.992149353027345,"y":-21.702342987060548,"z":22.87790870666504},"rotation":{"x":0.24217748641967774,"y":0.41942933201789858,"z":-0.11944456398487091,"w":0.8672986030578613},"size":25.75309944152832,"orthographic":false}