{"cameraMode":{"drawMode":0,"name":"Shaded","section":"Shading Mode"},"sceneLighting":true,"audioPlay":false,"sceneViewState":{"showFog":true,"showMaterialUpdate":true,"showSkybox":true,"showFlares":true,"showImageEffects":true,"showParticleSystems":true},"in2DMode":false,"pivot":{"x":-55.89373016357422,"y":-2.0310730934143068,"z":2.141758680343628},"rotation":{"x":-0.0733669325709343,"y":-0.8871973156929016,"z":0.15062585473060609,"w":-0.430755078792572},"size":6.393355846405029,"orthographic":false}