{"cameraMode":{"drawMode":0,"name":"Shaded","section":"Shading Mode"},"sceneLighting":true,"audioPlay":false,"sceneViewState":{"showFog":true,"showMaterialUpdate":true,"showSkybox":true,"showFlares":true,"showImageEffects":true,"showParticleSystems":true},"in2DMode":false,"pivot":{"x":-54.201873779296878,"y":-0.9907272458076477,"z":5.350050449371338},"rotation":{"x":-0.08130701631307602,"y":-0.7576664686203003,"z":0.09618718177080155,"w":-0.6404827833175659},"size":1.7320507764816285,"orthographic":false}