{"cameraMode":{"drawMode":0,"name":"Shaded","section":"Shading Mode"},"sceneLighting":false,"audioPlay":false,"sceneViewState":{"showFog":true,"showMaterialUpdate":true,"showSkybox":false,"showFlares":true,"showImageEffects":true,"showParticleSystems":true},"in2DMode":false,"pivot":{"x":11.289464950561524,"y":2.6929166316986086,"z":-0.5915771126747131},"rotation":{"x":0.06317154318094254,"y":0.05786813050508499,"z":-0.0032256310805678369,"w":0.996634840965271},"size":1.5588455200195313,"orthographic":false}