{"cameraMode":{"drawMode":0,"name":"Shaded","section":"Shading Mode"},"sceneLighting":false,"audioPlay":false,"sceneViewState":{"showFog":true,"showMaterialUpdate":true,"showSkybox":false,"showFlares":true,"showImageEffects":true,"showParticleSystems":true},"in2DMode":false,"pivot":{"x":-18.966983795166017,"y":-23.529476165771486,"z":-73.06513977050781},"rotation":{"x":0.019820859655737878,"y":-0.9799362421035767,"z":0.15441611409187318,"w":0.1265893578529358},"size":42.435245513916019,"orthographic":false}