{"cameraMode":{"drawMode":0,"name":"Shaded","section":"Shading Mode"},"sceneLighting":false,"audioPlay":false,"sceneViewState":{"showFog":true,"showMaterialUpdate":true,"showSkybox":false,"showFlares":true,"showImageEffects":true,"showParticleSystems":true},"in2DMode":false,"pivot":{"x":-20.026840209960939,"y":1.8700016736984254,"z":3.981282949447632},"rotation":{"x":-0.40080809593200686,"y":-0.040677450597286227,"z":0.017645688727498056,"w":-0.9152064323425293},"size":9.446222305297852,"orthographic":false}