{"cameraMode":{"drawMode":0,"name":"Shaded","section":"Shading Mode"},"sceneLighting":true,"audioPlay":false,"sceneViewState":{"showFog":true,"showMaterialUpdate":true,"showSkybox":true,"showFlares":true,"showImageEffects":true,"showParticleSystems":true},"in2DMode":false,"pivot":{"x":-51.884178161621097,"y":2.339264392852783,"z":7.929452419281006},"rotation":{"x":-0.21132728457450868,"y":0.055203381925821307,"z":-0.011919490993022919,"w":-0.9757922887802124},"size":1.7738018035888672,"orthographic":false}