{"cameraMode":{"drawMode":0,"name":"Shaded","section":"Shading Mode"},"sceneLighting":false,"audioPlay":false,"sceneViewState":{"showFog":true,"showMaterialUpdate":true,"showSkybox":false,"showFlares":true,"showImageEffects":true,"showParticleSystems":true},"in2DMode":false,"pivot":{"x":6.1904296875,"y":-5.72217321395874,"z":17.533870697021486},"rotation":{"x":0.14657005667686463,"y":0.5456080436706543,"z":-0.10364867001771927,"w":0.8195676207542419},"size":10.301698684692383,"orthographic":false}