{"cameraMode":{"drawMode":0,"name":"Shaded","section":"Shading Mode"},"sceneLighting":true,"audioPlay":false,"sceneViewState":{"showFog":true,"showMaterialUpdate":true,"showSkybox":true,"showFlares":true,"showImageEffects":true,"showParticleSystems":true},"in2DMode":false,"pivot":{"x":5.738147258758545,"y":-4.9755706787109379,"z":-2.6564018726348879},"rotation":{"x":-0.21095135807991029,"y":0.7395970225334168,"z":-0.2577938139438629,"w":-0.5862066149711609},"size":13.473313331604004,"orthographic":false}