{"cameraMode":{"drawMode":0,"name":"Shaded","section":"Shading Mode"},"sceneLighting":true,"audioPlay":false,"sceneViewState":{"showFog":true,"showMaterialUpdate":true,"showSkybox":false,"showFlares":true,"showImageEffects":true,"showParticleSystems":true},"in2DMode":false,"pivot":{"x":-0.4338230788707733,"y":-3.7369401454925539,"z":11.663698196411133},"rotation":{"x":-0.1587756723165512,"y":0.009749434888362885,"z":0.003743606386706233,"w":-0.988082766532898},"size":9.98604965209961,"orthographic":false}