{"cameraMode":{"drawMode":0,"name":"Shaded","section":"Shading Mode"},"sceneLighting":false,"audioPlay":false,"sceneViewState":{"showFog":true,"showMaterialUpdate":false,"showSkybox":false,"showFlares":true,"showImageEffects":true,"showParticleSystems":true},"in2DMode":false,"pivot":{"x":12.426916122436524,"y":2.9561638832092287,"z":-0.1256914585828781},"rotation":{"x":0.026012113317847253,"y":0.9662720561027527,"z":-0.23367923498153687,"w":0.10640959441661835},"size":0.9431718587875366,"orthographic":false}