{"cameraMode":{"drawMode":0,"name":"Shaded","section":"Shading Mode"},"sceneLighting":false,"audioPlay":false,"sceneViewState":{"showFog":true,"showMaterialUpdate":true,"showSkybox":false,"showFlares":true,"showImageEffects":true,"showParticleSystems":true},"in2DMode":false,"pivot":{"x":7.743231773376465,"y":2.8180313110351564,"z":1.1578176021575928},"rotation":{"x":-0.08896631747484207,"y":0.6498560905456543,"z":-0.07612051069736481,"w":-0.7518919706344605},"size":2.0387625694274904,"orthographic":false}