{"cameraMode":{"drawMode":0,"name":"Shaded","section":"Shading Mode"},"sceneLighting":false,"audioPlay":false,"sceneViewState":{"showFog":true,"showMaterialUpdate":true,"showSkybox":false,"showFlares":true,"showImageEffects":true,"showParticleSystems":true},"in2DMode":false,"pivot":{"x":-0.10433518886566162,"y":-0.21753792464733125,"z":0.7131080627441406},"rotation":{"x":0.11871220916509628,"y":0.06298107653856278,"z":-0.02485715039074421,"w":0.9915598630905151},"size":1.1860477924346924,"orthographic":false}