{"cameraMode":{"drawMode":0,"name":"Shaded","section":"Shading Mode"},"sceneLighting":false,"audioPlay":false,"sceneViewState":{"showFog":true,"showMaterialUpdate":true,"showSkybox":false,"showFlares":true,"showImageEffects":true,"showParticleSystems":true},"in2DMode":false,"pivot":{"x":-2.1701321601867677,"y":-0.23257790505886079,"z":0.1462434083223343},"rotation":{"x":-0.25556716322898867,"y":-0.6652466654777527,"z":0.2608462870121002,"w":-0.651422381401062},"size":1.5811488628387452,"orthographic":false}