{"cameraMode":{"drawMode":0,"name":"Shaded","section":"Shading Mode"},"sceneLighting":false,"audioPlay":false,"sceneViewState":{"showFog":true,"showMaterialUpdate":true,"showSkybox":false,"showFlares":true,"showImageEffects":true,"showParticleSystems":true},"in2DMode":false,"pivot":{"x":-1.4371058940887452,"y":-2.7785236835479738,"z":-0.970068097114563},"rotation":{"x":-0.10942403227090836,"y":0.6882100701332092,"z":-0.08090688288211823,"w":-0.713965892791748},"size":8.901325225830079,"orthographic":false}