{"cameraMode":{"drawMode":0,"name":"Shaded","section":"Shading Mode"},"sceneLighting":false,"audioPlay":false,"sceneViewState":{"showFog":true,"showMaterialUpdate":false,"showSkybox":false,"showFlares":true,"showImageEffects":true,"showParticleSystems":true},"in2DMode":false,"pivot":{"x":491.5785217285156,"y":248.237060546875,"z":2.676788330078125},"rotation":{"x":-0.013811624608933926,"y":0.00346753909252584,"z":-0.00007294804527191445,"w":-1.0000817775726319},"size":81.39410400390625,"orthographic":false}