{"cameraMode":{"drawMode":0,"name":"Shaded","section":"Shading Mode"},"sceneLighting":false,"audioPlay":false,"sceneViewState":{"showFog":true,"showMaterialUpdate":true,"showSkybox":false,"showFlares":true,"showImageEffects":true,"showParticleSystems":true},"in2DMode":false,"pivot":{"x":-20.043237686157228,"y":-10.405457496643067,"z":-74.12984466552735},"rotation":{"x":0.010850394144654274,"y":-0.988045334815979,"z":0.08198943734169007,"w":0.13214974105358125},"size":42.435245513916019,"orthographic":false}